{"cameraMode":{"drawMode":0,"name":"Shaded","section":"Shading Mode"},"sceneLighting":true,"audioPlay":false,"sceneViewState":{"showFog":true,"showMaterialUpdate":false,"showSkybox":true,"showFlares":true,"showImageEffects":true,"showParticleSystems":true},"in2DMode":false,"pivot":{"x":338.80474853515627,"y":283.5754089355469,"z":307.96087646484377},"rotation":{"x":-0.08566728979349137,"y":-0.029290558770298959,"z":0.0025196480564773084,"w":-0.995890200138092},"size":502.4798583984375,"orthographic":false}