{"cameraMode":{"drawMode":0,"name":"Shaded","section":"Shading Mode"},"sceneLighting":true,"audioPlay":false,"sceneViewState":{"showFog":true,"showMaterialUpdate":false,"showSkybox":true,"showFlares":true,"showImageEffects":true,"showParticleSystems":true},"in2DMode":false,"pivot":{"x":574.073974609375,"y":287.9228515625,"z":286.86187744140627},"rotation":{"x":-0.1020786240696907,"y":0.031923744827508929,"z":-0.00327749690040946,"w":-0.9942587614059448},"size":833.8377685546875,"orthographic":false}